file,card_id,period,event_name_jp,event_name_cn,character,color,rarity,card_type,card_name,resource_set_name,source_url,art_used,status
002_Rinko_Green.png,108,2,思い繋ぐ、未完成な歌,连结思绪的未竟之歌,Rinko,Green,3,event,純粋な熱意,res025005,https://bestdori.com/assets/jp/characters/resourceset/res025005_rip/card_after_training.png,after_training,已存在
002_Sayo_Orange.png,109,2,思い繋ぐ、未完成な歌,连结思绪的未竟之歌,Sayo,Orange,2,event,重ねていたい音,res022005,https://bestdori.com/assets/jp/characters/resourceset/res022005_rip/card_after_training.png,normal,OK (208 KB)
009_Ako_Orange.png,144,9,ウェディングドレスは突然に,突然而至的婚纱,Ako,Orange,2,event,結婚式に参列！,res024006,https://bestdori.com/assets/jp/characters/resourceset/res024006_rip/card_after_training.png,normal,OK (189 KB)
010_Ako_Blue.png,150,10,"Don't leave me, Lisa!!!!","Don't leave me, Lisa!!!!",Ako,Blue,2,permanent,みんなでリフレッシュ,res024007,https://bestdori.com/assets/jp/characters/resourceset/res024007_rip/card_after_training.png,normal,OK (175 KB)
010_Lisa_Orange.png,148,10,"Don't leave me, Lisa!!!!","Don't leave me, Lisa!!!!",Lisa,Orange,3,event,必要不可欠な存在,res023006,https://bestdori.com/assets/jp/characters/resourceset/res023006_rip/card_after_training.png,after_training,已存在
010_Rinko_Blue.png,146,10,"Don't leave me, Lisa!!!!","Don't leave me, Lisa!!!!",Rinko,Blue,4,permanent,慣れない電話,res025006,https://bestdori.com/assets/jp/characters/resourceset/res025006_rip/card_after_training.png,after_training,已存在
010_Sayo_Red.png,149,10,"Don't leave me, Lisa!!!!","Don't leave me, Lisa!!!!",Sayo,Red,2,event,夏のソフトクリーム,res022006,https://bestdori.com/assets/jp/characters/resourceset/res022006_rip/card_after_training.png,normal,OK (170 KB)
010_Yukina_Blue.png,147,10,"Don't leave me, Lisa!!!!","Don't leave me, Lisa!!!!",Yukina,Blue,3,permanent,４人でカフェテリア,res021006,https://bestdori.com/assets/jp/characters/resourceset/res021006_rip/card_after_training.png,after_training,已存在
011_Lisa_Orange.png,155,11,星に願う短冊,向繁星许愿的诗笺,Lisa,Orange,2,permanent,二人を繋いで,res023007,https://bestdori.com/assets/jp/characters/resourceset/res023007_rip/card_after_training.png,normal,OK (165 KB)
011_Sayo_Orange.png,152,11,星に願う短冊,向繁星许愿的诗笺,Sayo,Orange,4,permanent,二人で過ごす七夕,res022007,https://bestdori.com/assets/jp/characters/resourceset/res022007_rip/card_after_training.png,after_training,已存在
012_Ako_Red.png,157,12,巴SOS！あこの看病大作戦,巴的SOS！亚子的看护大作战,Ako,Red,4,permanent,巴だけの看護師さん,res024008,https://bestdori.com/assets/jp/characters/resourceset/res024008_rip/card_after_training.png,after_training,已存在
014_Ako_Green.png,169,14,ハッピーサマーバケーション！,Happy Summer Vacation！,Ako,Green,2,event,浮き輪と海,res024009,https://bestdori.com/assets/jp/characters/resourceset/res024009_rip/card_after_training.png,normal,OK (172 KB)
014_Lisa_Blue.png,166,14,ハッピーサマーバケーション！,Happy Summer Vacation！,Lisa,Blue,4,limited,眩しい日射し,res023008,https://bestdori.com/assets/jp/characters/resourceset/res023008_rip/card_after_training.png,after_training,已存在
014_Rinko_Orange.png,168,14,ハッピーサマーバケーション！,Happy Summer Vacation！,Rinko,Orange,3,event,選んでもらった水着,res025007,https://bestdori.com/assets/jp/characters/resourceset/res025007_rip/card_after_training.png,after_training,已存在
015_Yukina_Orange.png,179,15,鼓動重なる花火大会,重叠的悸动 烟花大会,Yukina,Orange,2,campaign,ガルパカフェ♪2017,res021007,https://bestdori.com/assets/jp/characters/resourceset/res021007_rip/card_after_training.png,normal,OK (173 KB)
016_Yukina_Green.png,234,16,６番目のAfterglow,第6人现身Afterglow,Yukina,Green,2,campaign,ローソンコラボ2017,res021009,https://bestdori.com/assets/jp/characters/resourceset/res021009_rip/card_after_training.png,normal,OK (175 KB)
017_Lisa_Green.png,194,17,儚世に咲く薔薇の名は,浮世间绽放 蔷薇其名为,Lisa,Green,2,event,ロマンチック,res023009,https://bestdori.com/assets/jp/characters/resourceset/res023009_rip/card_after_training.png,normal,OK (190 KB)
020_Yukina_Blue.png,244,20,こころはいつもHalloween！,心心每天都是Halloween！,Yukina,Blue,2,event,初めての猫耳,res021010,https://bestdori.com/assets/jp/characters/resourceset/res021010_rip/card_after_training.png,normal,OK (183 KB)
021_Ako_Green.png,258,21,秋時雨に傘を,秋时骤雨伞层叠,Ako,Green,3,event,永遠の憧れ！,res024011,https://bestdori.com/assets/jp/characters/resourceset/res024011_rip/card_after_training.png,after_training,已存在
021_Lisa_Red.png,259,21,秋時雨に傘を,秋时骤雨伞层叠,Lisa,Red,2,event,欠かせない存在,res023011,https://bestdori.com/assets/jp/characters/resourceset/res023011_rip/card_after_training.png,normal,OK (252 KB)
021_Rinko_Green.png,260,21,秋時雨に傘を,秋时骤雨伞层叠,Rinko,Green,2,permanent,微かな心配,res025009,https://bestdori.com/assets/jp/characters/resourceset/res025009_rip/card_after_training.png,normal,OK (228 KB)
021_Sayo_Green.png,257,21,秋時雨に傘を,秋时骤雨伞层叠,Sayo,Green,3,permanent,雨声と涙,res022009,https://bestdori.com/assets/jp/characters/resourceset/res022009_rip/card_after_training.png,after_training,已存在
021_Yukina_Green.png,256,21,秋時雨に傘を,秋时骤雨伞层叠,Yukina,Green,4,permanent,秋晴れ、その先に,res021011,https://bestdori.com/assets/jp/characters/resourceset/res021011_rip/card_after_training.png,after_training,已存在
023_Rinko_Red.png,269,23,ちぐはぐ！？おかしなお菓子教室,理解出入！？有点微妙的点心课堂,Rinko,Red,2,event,ブルーローズメイド,res025010,https://bestdori.com/assets/jp/characters/resourceset/res025010_rip/card_after_training.png,normal,OK (168 KB)
023_Sayo_Red.png,268,23,ちぐはぐ！？おかしなお菓子教室,理解出入！？有点微妙的点心课堂,Sayo,Red,3,event,クッキーづくり,res022010,https://bestdori.com/assets/jp/characters/resourceset/res022010_rip/card_after_training.png,after_training,已存在
025_Lisa_Green.png,281,25,いつか、届け、アタシの詩,至君处，会有时，我谱写的诗篇,Lisa,Green,4,permanent,本気でチャレンジ,res023012,https://bestdori.com/assets/jp/characters/resourceset/res023012_rip/card_after_training.png,after_training,已存在
025_Yukina_Green.png,283,25,いつか、届け、アタシの詩,至君处，会有时，我谱写的诗篇,Yukina,Green,3,event,リサらしい歌詞,res021013,https://bestdori.com/assets/jp/characters/resourceset/res021013_rip/card_after_training.png,after_training,已存在
029_Rinko_Green.png,305,29,新春！　波乱のおみくじニューイヤー,新春! 波澜不断的抽签,Rinko,Green,3,limited,かわいい晴れ着,res025011,https://bestdori.com/assets/jp/characters/resourceset/res025011_rip/card_after_training.png,after_training,已存在
029_Sayo_Red.png,307,29,新春！　波乱のおみくじニューイヤー,新春! 波澜不断的抽签,Sayo,Red,4,dreamfes,魅惑の手,res022011,https://bestdori.com/assets/jp/characters/resourceset/res022011_rip/card_after_training.png,after_training,已存在
031_Ako_Orange.png,363,31,Neo Fantasy Online -旅立ち-,Neo Fantasy Online -启程-,Ako,Orange,4,permanent,深淵のネクロマンサー,res024014,https://bestdori.com/assets/jp/characters/resourceset/res024014_rip/card_after_training.png,after_training,已存在
031_Ako_Red.png,361,31,Neo Fantasy Online -旅立ち-,Neo Fantasy Online -启程-,Ako,Red,2,permanent,重なり合う青薔薇,res024013,https://bestdori.com/assets/jp/characters/resourceset/res024013_rip/card_after_training.png,normal,OK (190 KB)
031_Lisa_Blue.png,365,31,Neo Fantasy Online -旅立ち-,Neo Fantasy Online -启程-,Lisa,Blue,3,event,ビギナーヒーラー,res023015,https://bestdori.com/assets/jp/characters/resourceset/res023015_rip/card_after_training.png,after_training,已存在
031_Lisa_Orange.png,360,31,Neo Fantasy Online -旅立ち-,Neo Fantasy Online -启程-,Lisa,Orange,2,permanent,重なり合う青薔薇,res023014,https://bestdori.com/assets/jp/characters/resourceset/res023014_rip/card_after_training.png,normal,OK (222 KB)
031_Rinko_Blue.png,362,31,Neo Fantasy Online -旅立ち-,Neo Fantasy Online -启程-,Rinko,Blue,2,permanent,重なり合う青薔薇,res025013,https://bestdori.com/assets/jp/characters/resourceset/res025013_rip/card_after_training.png,normal,OK (201 KB)
031_Rinko_Orange.png,364,31,Neo Fantasy Online -旅立ち-,Neo Fantasy Online -启程-,Rinko,Orange,4,permanent,孤高のウィザード,res025014,https://bestdori.com/assets/jp/characters/resourceset/res025014_rip/card_after_training.png,after_training,已存在
031_Sayo_Blue.png,359,31,Neo Fantasy Online -旅立ち-,Neo Fantasy Online -启程-,Sayo,Blue,2,permanent,重なり合う青薔薇,res022013,https://bestdori.com/assets/jp/characters/resourceset/res022013_rip/card_after_training.png,normal,OK (221 KB)
031_Sayo_Orange.png,367,31,Neo Fantasy Online -旅立ち-,Neo Fantasy Online -启程-,Sayo,Orange,3,permanent,新米タンク,res022014,https://bestdori.com/assets/jp/characters/resourceset/res022014_rip/card_after_training.png,after_training,已存在
031_Yukina_Green.png,358,31,Neo Fantasy Online -旅立ち-,Neo Fantasy Online -启程-,Yukina,Green,2,permanent,重なり合う青薔薇,res021015,https://bestdori.com/assets/jp/characters/resourceset/res021015_rip/card_after_training.png,normal,OK (219 KB)
031_Yukina_Orange.png,366,31,Neo Fantasy Online -旅立ち-,Neo Fantasy Online -启程-,Yukina,Orange,2,event,初心者バード,res021016,https://bestdori.com/assets/jp/characters/resourceset/res021016_rip/card_after_training.png,normal,OK (207 KB)
032_Lisa_Red.png,374,32,ドタバタハッピーバレンタイン,慌慌张张 快乐的情人节,Lisa,Red,4,limited,お菓子作りはおまかせ,res023016,https://bestdori.com/assets/jp/characters/resourceset/res023016_rip/card_after_training.png,after_training,已存在
032_Yukina_Red.png,377,32,ドタバタハッピーバレンタイン,慌慌张张 快乐的情人节,Yukina,Red,3,limited,秘密の時間,res021017,https://bestdori.com/assets/jp/characters/resourceset/res021017_rip/card_after_training.png,after_training,已存在
033_Ako_Red.png,381,33,はじめての！？ウィンタースポーツ,初次挑战！？冬季运动,Ako,Red,2,event,スキーは得意,res024015,https://bestdori.com/assets/jp/characters/resourceset/res024015_rip/card_after_training.png,normal,OK (196 KB)
034_Lisa_Red.png,391,34,What a Wonderful World!,What a Wonderful World!,Lisa,Red,2,campaign,GOGO WEGO！,res023017,https://bestdori.com/assets/jp/characters/resourceset/res023017_rip/card_after_training.png,normal,OK (187 KB)
036_Yukina_Red.png,399,36,Backstage Pass,Backstage Pass,Yukina,Red,4,limited,さらなる高みへ,res021018,https://bestdori.com/assets/jp/characters/resourceset/res021018_rip/card_after_training.png,after_training,已存在
038_Rinko_Green.png,410,38,新緑のラルゴ,新绿的缓慢曲,Rinko,Green,4,permanent,仮入部員,res025015,https://bestdori.com/assets/jp/characters/resourceset/res025015_rip/card_after_training.png,after_training,已存在
038_Sayo_Green.png,411,38,新緑のラルゴ,新绿的缓慢曲,Sayo,Green,4,permanent,正射必中,res022015,https://bestdori.com/assets/jp/characters/resourceset/res022015_rip/card_after_training.png,after_training,已存在
041_Ako_Blue.png,431,41,二重の虹（ダブル レインボウ）,双重彩虹,Ako,Blue,4,dreamfes,ファン第１号,res024019,https://bestdori.com/assets/jp/characters/resourceset/res024019_rip/card_after_training.png,after_training,已存在
043_Ako_Orange.png,441,43,Neo-Aspect,Neo-Aspect,Ako,Orange,3,permanent,みんなでティータイム,res024020,https://bestdori.com/assets/jp/characters/resourceset/res024020_rip/card_after_training.png,after_training,已存在
043_Lisa_Orange.png,438,43,Neo-Aspect,Neo-Aspect,Lisa,Orange,4,permanent,クッキーをもう１度,res023022,https://bestdori.com/assets/jp/characters/resourceset/res023022_rip/card_after_training.png,after_training,已存在
043_Rinko_Red.png,440,43,Neo-Aspect,Neo-Aspect,Rinko,Red,3,event,決意の叫び,res025018,https://bestdori.com/assets/jp/characters/resourceset/res025018_rip/card_after_training.png,after_training,已存在
043_Sayo_Green.png,439,43,Neo-Aspect,Neo-Aspect,Sayo,Green,3,event,今度は私が,res022018,https://bestdori.com/assets/jp/characters/resourceset/res022018_rip/card_after_training.png,after_training,已存在
043_Yukina_Orange.png,437,43,Neo-Aspect,Neo-Aspect,Yukina,Orange,4,permanent,こぼれ落ちる涙,res021021,https://bestdori.com/assets/jp/characters/resourceset/res021021_rip/card_after_training.png,after_training,已存在
044_Sayo_Blue.png,446,44,Beatin' in the Rain,Beatin' in the Rain,Sayo,Blue,3,permanent,雨とともに,res022019,https://bestdori.com/assets/jp/characters/resourceset/res022019_rip/card_after_training.png,after_training,已存在
045_Lisa_Red.png,449,45,呪われた井戸と学園の幽霊,被诅咒的古井与学校的幽灵,Lisa,Red,3,event,幽霊とか絶対ムリ！,res023023,https://bestdori.com/assets/jp/characters/resourceset/res023023_rip/card_after_training.png,after_training,已存在
051_Ako_Green.png,481,51,Growing Up Sisters!,Growing Up Sisters!,Ako,Green,4,permanent,追いかけていたい,res024022,https://bestdori.com/assets/jp/characters/resourceset/res024022_rip/card_after_training.png,after_training,已存在
051_Sayo_Green.png,483,51,Growing Up Sisters!,Growing Up Sisters!,Sayo,Green,2,event,私に言えること,res022020,https://bestdori.com/assets/jp/characters/resourceset/res022020_rip/card_after_training.png,normal,OK (173 KB)
052_Ako_Blue.png,489,52,夏にゆらめく水の国,夏日波光潋滟 水之国,Ako,Blue,3,limited,ぐるぐるレッツゴー！,res024023,https://bestdori.com/assets/jp/characters/resourceset/res024023_rip/card_after_training.png,after_training,已存在
052_Lisa_Green.png,487,52,夏にゆらめく水の国,夏日波光潋滟 水之国,Lisa,Green,3,event,真夏のサンライト,res023024,https://bestdori.com/assets/jp/characters/resourceset/res023024_rip/card_after_training.png,after_training,已存在
052_Rinko_Orange.png,488,52,夏にゆらめく水の国,夏日波光潋滟 水之国,Rinko,Orange,2,event,水際のマーメイド,res025019,https://bestdori.com/assets/jp/characters/resourceset/res025019_rip/card_after_training.png,normal,OK (221 KB)
052_Sayo_Blue.png,486,52,夏にゆらめく水の国,夏日波光潋滟 水之国,Sayo,Blue,4,limited,煌めく水の魔法,res022021,https://bestdori.com/assets/jp/characters/resourceset/res022021_rip/card_after_training.png,after_training,已存在
052_Yukina_Blue.png,485,52,夏にゆらめく水の国,夏日波光潋滟 水之国,Yukina,Blue,4,limited,光満ちる水の中で,res021022,https://bestdori.com/assets/jp/characters/resourceset/res021022_rip/card_after_training.png,after_training,已存在
055_Lisa_Green.png,514,55,夢に続くプロムナード,通往梦想的散步小路,Lisa,Green,2,campaign,エールソング,res023025,https://bestdori.com/assets/jp/characters/resourceset/res023025_rip/card_after_training.png,normal,OK (181 KB)
058_Lisa_Green.png,523,58,"有咲の""悪くない""休日",有咲的“还算不错”的假日,Lisa,Green,4,permanent,コミュ力MAX,res023026,https://bestdori.com/assets/jp/characters/resourceset/res023026_rip/card_after_training.png,after_training,已存在
059_Rinko_Red.png,528,59,舞台裏のメソッド,舞台后的练习方式,Rinko,Red,4,permanent,舞台衣装,res025020,https://bestdori.com/assets/jp/characters/resourceset/res025020_rip/card_after_training.png,after_training,已存在
059_Yukina_Blue.png,530,59,舞台裏のメソッド,舞台后的练习方式,Yukina,Blue,2,event,舞台衣装,res021023,https://bestdori.com/assets/jp/characters/resourceset/res021023_rip/card_after_training.png,normal,OK (175 KB)
060_Ako_Orange.png,548,60,褪せぬ誇りに差す残光,永不褪色、荣耀的余光,Ako,Orange,4,permanent,信じるもの,res024024,https://bestdori.com/assets/jp/characters/resourceset/res024024_rip/card_after_training.png,after_training,已存在
060_Lisa_Orange.png,551,60,褪せぬ誇りに差す残光,永不褪色、荣耀的余光,Lisa,Orange,3,permanent,宣戦布告,res023027,https://bestdori.com/assets/jp/characters/resourceset/res023027_rip/card_after_training.png,after_training,已存在
060_Rinko_Blue.png,565,60,褪せぬ誇りに差す残光,永不褪色、荣耀的余光,Rinko,Blue,2,campaign,GOGO WEGO！,res025022,https://bestdori.com/assets/jp/characters/resourceset/res025022_rip/card_after_training.png,normal,OK (166 KB)
060_Rinko_Red.png,550,60,褪せぬ誇りに差す残光,永不褪色、荣耀的余光,Rinko,Red,2,event,秘めたる闘志,res025021,https://bestdori.com/assets/jp/characters/resourceset/res025021_rip/card_after_training.png,normal,OK (230 KB)
060_Sayo_Red.png,549,60,褪せぬ誇りに差す残光,永不褪色、荣耀的余光,Sayo,Red,3,event,静かに燃える炎,res022022,https://bestdori.com/assets/jp/characters/resourceset/res022022_rip/card_after_training.png,after_training,已存在
060_Yukina_Orange.png,547,60,褪せぬ誇りに差す残光,永不褪色、荣耀的余光,Yukina,Orange,4,permanent,VERSUS,res021024,https://bestdori.com/assets/jp/characters/resourceset/res021024_rip/card_after_training.png,after_training,已存在
064_Lisa_Blue.png,575,64,ふたつ星のアンサンブル,双子星的合奏曲,Lisa,Blue,2,event,星のきらめき,res023028,https://bestdori.com/assets/jp/characters/resourceset/res023028_rip/card_after_training.png,normal,OK (216 KB)
064_Sayo_Green.png,573,64,ふたつ星のアンサンブル,双子星的合奏曲,Sayo,Green,4,permanent,２人で見た星空,res022023,https://bestdori.com/assets/jp/characters/resourceset/res022023_rip/card_after_training.png,after_training,已存在
065_Ako_Green.png,580,65,全員集合！　ニューイヤーパーティ！！,全体集合！New Year Party!!,Ako,Green,2,event,今年もバーンと！,res024025,https://bestdori.com/assets/jp/characters/resourceset/res024025_rip/card_after_training.png,normal,OK (209 KB)
065_Lisa_Orange.png,598,65,全員集合！　ニューイヤーパーティ！！,全体集合！New Year Party!!,Lisa,Orange,4,dreamfes,気持ちを１つに,res023029,https://bestdori.com/assets/jp/characters/resourceset/res023029_rip/card_after_training.png,after_training,已存在
068_Rinko_Orange.png,594,68,チョコレートは誰のため？,这个巧克力是为谁准备？,Rinko,Orange,3,event,あまいまなざし,res025023,https://bestdori.com/assets/jp/characters/resourceset/res025023_rip/card_after_training.png,after_training,已存在
069_Ako_Orange.png,602,69,お休みの日は商店街へ,休息的日子去商店街,Ako,Orange,2,event,バイトデビュー？,res024026,https://bestdori.com/assets/jp/characters/resourceset/res024026_rip/card_after_training.png,normal,OK (223 KB)
070_Ako_Red.png,606,70,再演のプレリュード,再次演出的序曲,Ako,Red,3,event,気づかいの空回り,res024027,https://bestdori.com/assets/jp/characters/resourceset/res024027_rip/card_after_training.png,after_training,已存在
070_Lisa_Orange.png,607,70,再演のプレリュード,再次演出的序曲,Lisa,Orange,2,event,心配しすぎ？,res023030,https://bestdori.com/assets/jp/characters/resourceset/res023030_rip/card_after_training.png,normal,OK (226 KB)
070_Rinko_Green.png,605,70,再演のプレリュード,再次演出的序曲,Rinko,Green,4,permanent,わたしとピアノ,res025024,https://bestdori.com/assets/jp/characters/resourceset/res025024_rip/card_after_training.png,after_training,已存在
070_Sayo_Green.png,608,70,再演のプレリュード,再次演出的序曲,Sayo,Green,3,permanent,新作への挑戦,res022024,https://bestdori.com/assets/jp/characters/resourceset/res022024_rip/card_after_training.png,after_training,已存在
070_Yukina_Green.png,604,70,再演のプレリュード,再次演出的序曲,Yukina,Green,4,permanent,友へ贈る花束,res021025,https://bestdori.com/assets/jp/characters/resourceset/res021025_rip/card_after_training.png,after_training,已存在
071_Ako_Blue.png,613,71,The Whitest Day,The Whitest Day,Ako,Blue,3,limited,連戦連勝,res024028,https://bestdori.com/assets/jp/characters/resourceset/res024028_rip/card_after_training.png,after_training,已存在
073_Ako_Orange.png,659,73,Backstage Pass 2,Backstage Pass 2,Ako,Orange,2,permanent,ノーブル・ローズ,res024029,https://bestdori.com/assets/jp/characters/resourceset/res024029_rip/card_after_training.png,normal,OK (252 KB)
073_Lisa_Green.png,658,73,Backstage Pass 2,Backstage Pass 2,Lisa,Green,2,permanent,ノーブル・ローズ,res023032,https://bestdori.com/assets/jp/characters/resourceset/res023032_rip/card_after_training.png,normal,OK (269 KB)
073_Rinko_Red.png,660,73,Backstage Pass 2,Backstage Pass 2,Rinko,Red,2,permanent,ノーブル・ローズ,res025025,https://bestdori.com/assets/jp/characters/resourceset/res025025_rip/card_after_training.png,normal,OK (265 KB)
073_Sayo_Orange.png,657,73,Backstage Pass 2,Backstage Pass 2,Sayo,Orange,2,permanent,ノーブル・ローズ,res022026,https://bestdori.com/assets/jp/characters/resourceset/res022026_rip/card_after_training.png,normal,OK (260 KB)
073_Sayo_Red.png,620,73,Backstage Pass 2,Backstage Pass 2,Sayo,Red,4,limited,進む先は同じ,res022025,https://bestdori.com/assets/jp/characters/resourceset/res022025_rip/card_after_training.png,after_training,已存在
073_Yukina_Blue.png,656,73,Backstage Pass 2,Backstage Pass 2,Yukina,Blue,2,permanent,ノーブル・ローズ,res021026,https://bestdori.com/assets/jp/characters/resourceset/res021026_rip/card_after_training.png,normal,OK (240 KB)
074_Lisa_Blue.png,630,74,降るFULL BLOOMING！,花雨FULL BLOOMING！,Lisa,Blue,3,permanent,ギリギリのお花見,res023031,https://bestdori.com/assets/jp/characters/resourceset/res023031_rip/card_after_training.png,after_training,已存在
076_Rinko_Orange.png,667,76,花咲く学び舎、その片隅で,鲜花绽放的学校、在其中一隅,Rinko,Orange,4,permanent,立派な生徒会長に,res025026,https://bestdori.com/assets/jp/characters/resourceset/res025026_rip/card_after_training.png,after_training,已存在
076_Sayo_Blue.png,668,76,花咲く学び舎、その片隅で,鲜花绽放的学校、在其中一隅,Sayo,Blue,3,event,きまじめ風紀委員,res022027,https://bestdori.com/assets/jp/characters/resourceset/res022027_rip/card_after_training.png,after_training,已存在
078_Ako_Blue.png,676,78,貫く闇、青薔薇の誇り,贯穿黑暗、蓝蔷薇的骄傲,Ako,Blue,4,permanent,覚醒せし大魔姫,res024030,https://bestdori.com/assets/jp/characters/resourceset/res024030_rip/card_after_training.png,after_training,已存在
078_Rinko_Red.png,678,78,貫く闇、青薔薇の誇り,贯穿黑暗、蓝蔷薇的骄傲,Rinko,Red,3,event,優艶なる調べ,res025027,https://bestdori.com/assets/jp/characters/resourceset/res025027_rip/card_after_training.png,after_training,已存在
081_Ako_Blue.png,712,81,ノーブル・ローズ -花々を連れて-,Noble・Rose -繁花同行-,Ako,Blue,3,permanent,リサ姉のために！,res024031,https://bestdori.com/assets/jp/characters/resourceset/res024031_rip/card_after_training.png,after_training,已存在
081_Lisa_Blue.png,708,81,ノーブル・ローズ -花々を連れて-,Noble・Rose -繁花同行-,Lisa,Blue,4,permanent,はじまりのセッション,res023033,https://bestdori.com/assets/jp/characters/resourceset/res023033_rip/card_after_training.png,after_training,已存在
081_Rinko_Green.png,711,81,ノーブル・ローズ -花々を連れて-,Noble・Rose -繁花同行-,Rinko,Green,2,event,内に秘めた情熱,res025028,https://bestdori.com/assets/jp/characters/resourceset/res025028_rip/card_after_training.png,normal,OK (228 KB)
081_Sayo_Blue.png,709,81,ノーブル・ローズ -花々を連れて-,Noble・Rose -繁花同行-,Sayo,Blue,4,permanent,二人の約束,res022028,https://bestdori.com/assets/jp/characters/resourceset/res022028_rip/card_after_training.png,after_training,已存在
081_Yukina_Green.png,710,81,ノーブル・ローズ -花々を連れて-,Noble・Rose -繁花同行-,Yukina,Green,3,event,共に見る未来,res021028,https://bestdori.com/assets/jp/characters/resourceset/res021028_rip/card_after_training.png,after_training,已存在
084_Yukina_Red.png,724,84,ホープフルセッション,充满希望的演奏会,Yukina,Red,4,permanent,想いの懸け橋,res021029,https://bestdori.com/assets/jp/characters/resourceset/res021029_rip/card_after_training.png,after_training,已存在
086_Yukina_Green.png,758,86,私達だけのサマーバケーション,只属于我们的SUMMER VACATION,Yukina,Green,4,dreamfes,言葉を紡いで,res021032,https://bestdori.com/assets/jp/characters/resourceset/res021032_rip/card_after_training.png,after_training,已存在
089_Ako_Red.png,753,89,ノーブル・ローズ -晦冥の導き手-,Noble・Rose -幽冥的引导者-,Ako,Red,4,permanent,ダークウォーカー,res024032,https://bestdori.com/assets/jp/characters/resourceset/res024032_rip/card_after_training.png,after_training,已存在
089_Lisa_Orange.png,757,89,ノーブル・ローズ -晦冥の導き手-,Noble・Rose -幽冥的引导者-,Lisa,Orange,3,event,見えない、でも大丈夫,res023034,https://bestdori.com/assets/jp/characters/resourceset/res023034_rip/card_after_training.png,after_training,已存在
089_Rinko_Red.png,754,89,ノーブル・ローズ -晦冥の導き手-,Noble・Rose -幽冥的引导者-,Rinko,Red,4,permanent,やがて来る未来,res025029,https://bestdori.com/assets/jp/characters/resourceset/res025029_rip/card_after_training.png,after_training,已存在
089_Sayo_Red.png,755,89,ノーブル・ローズ -晦冥の導き手-,Noble・Rose -幽冥的引导者-,Sayo,Red,3,permanent,祝いのパフェ,res022029,https://bestdori.com/assets/jp/characters/resourceset/res022029_rip/card_after_training.png,after_training,已存在
089_Yukina_Red.png,756,89,ノーブル・ローズ -晦冥の導き手-,Noble・Rose -幽冥的引导者-,Yukina,Red,2,event,光へと,res021031,https://bestdori.com/assets/jp/characters/resourceset/res021031_rip/card_after_training.png,normal,OK (213 KB)
091_Sayo_Green.png,766,91,夢と現と百の歌,梦与现实 百人一首,Sayo,Green,4,permanent,凛然たる詠み手,res022030,https://bestdori.com/assets/jp/characters/resourceset/res022030_rip/card_after_training.png,after_training,已存在
093_Lisa_Orange.png,780,93,Do It Ourselves!!,Do It Ourselves!!,Lisa,Orange,4,permanent,近づく距離,res023035,https://bestdori.com/assets/jp/characters/resourceset/res023035_rip/card_after_training.png,after_training,已存在
095_Sayo_Blue.png,793,95,秋色ハートフルレター,秋色 暖心的信笺,Sayo,Blue,2,event,秋色キツネ,res022031,https://bestdori.com/assets/jp/characters/resourceset/res022031_rip/card_after_training.png,normal,OK (211 KB)
095_Yukina_Orange.png,792,95,秋色ハートフルレター,秋色 暖心的信笺,Yukina,Orange,3,event,思い出描いて,res021033,https://bestdori.com/assets/jp/characters/resourceset/res021033_rip/card_after_training.png,after_training,已存在
097_Ako_Blue.png,806,97,ゼロに咲く花,从零绽放之花,Ako,Blue,3,limited,解放されし力？,res024033,https://bestdori.com/assets/jp/characters/resourceset/res024033_rip/card_after_training.png,after_training,已存在
097_Lisa_Green.png,805,97,ゼロに咲く花,从零绽放之花,Lisa,Green,3,event,ビバ、ファンタジー！,res023036,https://bestdori.com/assets/jp/characters/resourceset/res023036_rip/card_after_training.png,after_training,已存在
097_Rinko_Blue.png,803,97,ゼロに咲く花,从零绽放之花,Rinko,Blue,4,limited,掴み取る栄光,res025030,https://bestdori.com/assets/jp/characters/resourceset/res025030_rip/card_after_training.png,after_training,已存在
097_Sayo_Orange.png,804,97,ゼロに咲く花,从零绽放之花,Sayo,Orange,3,event,仲間の危機に,res022032,https://bestdori.com/assets/jp/characters/resourceset/res022032_rip/card_after_training.png,after_training,已存在
097_Yukina_Blue.png,802,97,ゼロに咲く花,从零绽放之花,Yukina,Blue,4,limited,猫の手を借りたい,res021034,https://bestdori.com/assets/jp/characters/resourceset/res021034_rip/card_after_training.png,after_training,已存在
101_Ako_Green.png,825,101,新年寿ぐ夢語り,恭贺新年 梦物语,Ako,Green,4,limited,おねーちゃんのために,res024034,https://bestdori.com/assets/jp/characters/resourceset/res024034_rip/card_after_training.png,after_training,已存在
101_Rinko_Orange.png,830,101,新年寿ぐ夢語り,恭贺新年 梦物语,Rinko,Orange,4,dreamfes,楽しさ重なる調べ,res025031,https://bestdori.com/assets/jp/characters/resourceset/res025031_rip/card_after_training.png,after_training,已存在
101_Sayo_Orange.png,827,101,新年寿ぐ夢語り,恭贺新年 梦物语,Sayo,Orange,2,event,夢幻の踊り子,res022033,https://bestdori.com/assets/jp/characters/resourceset/res022033_rip/card_after_training.png,normal,OK (223 KB)
103_Lisa_Red.png,838,103,ニイハオ♪回遊スマイルマップ,你好♪ 环游欢笑的地图,Lisa,Red,4,permanent,笑顔灯りて,res023037,https://bestdori.com/assets/jp/characters/resourceset/res023037_rip/card_after_training.png,after_training,已存在
105_Ako_Blue.png,850,105,ノーブル・ローズ -歌、至りて-,Noble・Rose -歌至顶点-,Ako,Blue,3,event,手を取り合って,res024035,https://bestdori.com/assets/jp/characters/resourceset/res024035_rip/card_after_training.png,after_training,已存在
105_Lisa_Blue.png,849,105,ノーブル・ローズ -歌、至りて-,Noble・Rose -歌至顶点-,Lisa,Blue,3,event,必然のつながり,res023038,https://bestdori.com/assets/jp/characters/resourceset/res023038_rip/card_after_training.png,after_training,已存在
105_Rinko_Red.png,851,105,ノーブル・ローズ -歌、至りて-,Noble・Rose -歌至顶点-,Rinko,Red,3,permanent,たどり着いた場所,res025032,https://bestdori.com/assets/jp/characters/resourceset/res025032_rip/card_after_training.png,after_training,已存在
105_Sayo_Red.png,848,105,ノーブル・ローズ -歌、至りて-,Noble・Rose -歌至顶点-,Sayo,Red,4,permanent,一番の応援者,res022034,https://bestdori.com/assets/jp/characters/resourceset/res022034_rip/card_after_training.png,after_training,已存在
105_Yukina_Red.png,847,105,ノーブル・ローズ -歌、至りて-,Noble・Rose -歌至顶点-,Yukina,Red,4,permanent,充足の凱旋,res021035,https://bestdori.com/assets/jp/characters/resourceset/res021035_rip/card_after_training.png,after_training,已存在
106_Ako_Blue.png,860,106,サニーサイドライブ～ある日の駅前～,Sunny Side Live ～某天在车站前～,Ako,Blue,2,campaign,競演のステージ,res024036,https://bestdori.com/assets/jp/characters/resourceset/res024036_rip/card_after_training.png,normal,OK (217 KB)
106_Lisa_Orange.png,859,106,サニーサイドライブ～ある日の駅前～,Sunny Side Live ～某天在车站前～,Lisa,Orange,2,campaign,競演のステージ,res023039,https://bestdori.com/assets/jp/characters/resourceset/res023039_rip/card_after_training.png,normal,OK (250 KB)
106_Rinko_Green.png,855,106,サニーサイドライブ～ある日の駅前～,Sunny Side Live ～某天在车站前～,Rinko,Green,2,event,一曲、いかがですか？,res025033,https://bestdori.com/assets/jp/characters/resourceset/res025033_rip/card_after_training.png,normal,OK (197 KB)
106_Rinko_Red.png,861,106,サニーサイドライブ～ある日の駅前～,Sunny Side Live ～某天在车站前～,Rinko,Red,2,campaign,競演のステージ,res025034,https://bestdori.com/assets/jp/characters/resourceset/res025034_rip/card_after_training.png,normal,OK (230 KB)
106_Sayo_Red.png,858,106,サニーサイドライブ～ある日の駅前～,Sunny Side Live ～某天在车站前～,Sayo,Red,2,campaign,競演のステージ,res022035,https://bestdori.com/assets/jp/characters/resourceset/res022035_rip/card_after_training.png,normal,OK (216 KB)
106_Yukina_Green.png,857,106,サニーサイドライブ～ある日の駅前～,Sunny Side Live ～某天在车站前～,Yukina,Green,2,campaign,競演のステージ,res021036,https://bestdori.com/assets/jp/characters/resourceset/res021036_rip/card_after_training.png,normal,OK (235 KB)
108_Yukina_Red.png,869,108,私模様テクスチャー,捕捉 属于我的影像,Yukina,Red,3,event,窓際の微笑み,res021037,https://bestdori.com/assets/jp/characters/resourceset/res021037_rip/card_after_training.png,after_training,已存在
109_Ako_Green.png,895,109,Backstage Pass 3,Backstage Pass 3,Ako,Green,2,permanent,ロフティアンビション,res024037,https://bestdori.com/assets/jp/characters/resourceset/res024037_rip/card_after_training.png,normal,OK (200 KB)
109_Lisa_Red.png,894,109,Backstage Pass 3,Backstage Pass 3,Lisa,Red,2,permanent,ロフティアンビション,res023040,https://bestdori.com/assets/jp/characters/resourceset/res023040_rip/card_after_training.png,normal,OK (234 KB)
109_Lisa_Red_2.png,918,109,Backstage Pass 3,Backstage Pass 3,Lisa,Red,4,limited,歓声を背に,res023041,https://bestdori.com/assets/jp/characters/resourceset/res023041_rip/card_after_training.png,after_training,已存在
109_Rinko_Red.png,896,109,Backstage Pass 3,Backstage Pass 3,Rinko,Red,2,permanent,ロフティアンビション,res025035,https://bestdori.com/assets/jp/characters/resourceset/res025035_rip/card_after_training.png,normal,OK (219 KB)
109_Sayo_Blue.png,893,109,Backstage Pass 3,Backstage Pass 3,Sayo,Blue,2,permanent,ロフティアンビション,res022036,https://bestdori.com/assets/jp/characters/resourceset/res022036_rip/card_after_training.png,normal,OK (195 KB)
109_Yukina_Orange.png,892,109,Backstage Pass 3,Backstage Pass 3,Yukina,Orange,2,permanent,ロフティアンビション,res021038,https://bestdori.com/assets/jp/characters/resourceset/res021038_rip/card_after_training.png,normal,OK (223 KB)
113_Yukina_Orange.png,940,113,VIVA LA LIVE！,VIVA LA LIVE！,Yukina,Orange,4,permanent,いつか至る場所,res021039,https://bestdori.com/assets/jp/characters/resourceset/res021039_rip/card_after_training.png,after_training,已存在
114_Lisa_Red.png,948,114,Let's パーフェクトコレクション！,Let's Perfect Collection！,Lisa,Red,3,event,心当たりは？,res023042,https://bestdori.com/assets/jp/characters/resourceset/res023042_rip/card_after_training.png,after_training,已存在
116_Ako_Green.png,960,116,Neo Fantasy Online -古竜と花嫁-,Neo Fantasy Online  -古龙与新娘-,Ako,Green,3,limited,祝福のティアラ,res024038,https://bestdori.com/assets/jp/characters/resourceset/res024038_rip/card_after_training.png,after_training,已存在
116_Lisa_Green.png,957,116,Neo Fantasy Online -古竜と花嫁-,Neo Fantasy Online  -古龙与新娘-,Lisa,Green,4,limited,異界の風を感じて,res023043,https://bestdori.com/assets/jp/characters/resourceset/res023043_rip/card_after_training.png,after_training,已存在
116_Rinko_Green.png,956,116,Neo Fantasy Online -古竜と花嫁-,Neo Fantasy Online  -古龙与新娘-,Rinko,Green,4,limited,戦場に詠う花嫁,res025036,https://bestdori.com/assets/jp/characters/resourceset/res025036_rip/card_after_training.png,after_training,已存在
116_Sayo_Blue.png,959,116,Neo Fantasy Online -古竜と花嫁-,Neo Fantasy Online  -古龙与新娘-,Sayo,Blue,2,event,ロイヤルナイト,res022037,https://bestdori.com/assets/jp/characters/resourceset/res022037_rip/card_after_training.png,normal,OK (244 KB)
116_Yukina_Red.png,958,116,Neo Fantasy Online -古竜と花嫁-,Neo Fantasy Online  -古龙与新娘-,Yukina,Red,3,event,無敵の歌,res021040,https://bestdori.com/assets/jp/characters/resourceset/res021040_rip/card_after_training.png,after_training,已存在
122_Ako_Green.png,998,122,夏色サンシャインデイズ,夏色 Sunshine Days,Ako,Green,4,dreamfes,花開く夏月の夜,res024039,https://bestdori.com/assets/jp/characters/resourceset/res024039_rip/card_after_training.png,after_training,已存在
123_Sayo_Blue.png,1014,123,凛と薫る風の調べ,凛冽薰香 风之乐章,Sayo,Blue,4,permanent,心揺さぶる演奏,res022039,https://bestdori.com/assets/jp/characters/resourceset/res022039_rip/card_after_training.png,after_training,已存在
124_Lisa_Green.png,1022,124,海の中からお便りを,从大海深处 捎来讯息,Lisa,Green,2,event,お世話好きなお姫様,res023045,https://bestdori.com/assets/jp/characters/resourceset/res023045_rip/card_after_training.png,normal,OK (243 KB)
127_Ako_Blue.png,1041,127,この胸満たすあたたかさは,盈于我心中的 那温暖的感觉,Ako,Blue,3,event,発見、カッコいい,res024041,https://bestdori.com/assets/jp/characters/resourceset/res024041_rip/card_after_training.png,after_training,已存在
127_Lisa_Red.png,1043,127,この胸満たすあたたかさは,盈于我心中的 那温暖的感觉,Lisa,Red,3,permanent,ＳＴＯＰ！,res023046,https://bestdori.com/assets/jp/characters/resourceset/res023046_rip/card_after_training.png,after_training,已存在
127_Rinko_Red.png,1040,127,この胸満たすあたたかさは,盈于我心中的 那温暖的感觉,Rinko,Red,4,permanent,伝わる音色,res025038,https://bestdori.com/assets/jp/characters/resourceset/res025038_rip/card_after_training.png,after_training,已存在
127_Sayo_Green.png,1042,127,この胸満たすあたたかさは,盈于我心中的 那温暖的感觉,Sayo,Green,2,event,クラシカルホープ,res022040,https://bestdori.com/assets/jp/characters/resourceset/res022040_rip/card_after_training.png,normal,OK (202 KB)
127_Yukina_Red.png,1039,127,この胸満たすあたたかさは,盈于我心中的 那温暖的感觉,Yukina,Red,4,permanent,偲ぶ景色,res021042,https://bestdori.com/assets/jp/characters/resourceset/res021042_rip/card_after_training.png,after_training,已存在
128_Ako_Red.png,1047,128,Have a good HALLOWEEN！！,Have a good HALLOWEEN！！,Ako,Red,2,event,闇の力がアレする仮装,res024042,https://bestdori.com/assets/jp/characters/resourceset/res024042_rip/card_after_training.png,normal,OK (192 KB)
134_Lisa_Orange.png,1079,134,プリズマティック・デュオ,五光十色的・二重奏,Lisa,Orange,3,event,探るまなざし,res023047,https://bestdori.com/assets/jp/characters/resourceset/res023047_rip/card_after_training.png,after_training,已存在
134_Rinko_Blue.png,1081,134,プリズマティック・デュオ,五光十色的・二重奏,Rinko,Blue,3,limited,トーンイメージ,res025039,https://bestdori.com/assets/jp/characters/resourceset/res025039_rip/card_after_training.png,after_training,已存在
134_Sayo_Blue.png,1078,134,プリズマティック・デュオ,五光十色的・二重奏,Sayo,Blue,4,limited,双子星のデュエット,res022041,https://bestdori.com/assets/jp/characters/resourceset/res022041_rip/card_after_training.png,after_training,已存在
137_Yukina_Blue.png,1093,137,ようこそお参りくださいましたっ！,欢迎光临 感谢您前来参拜！,Yukina,Blue,4,limited,巫女の大立ち回り,res021043,https://bestdori.com/assets/jp/characters/resourceset/res021043_rip/card_after_training.png,after_training,已存在
139_Ako_Red.png,1105,139,テリブル・ホラー・ナイト,Terrible·Horror·Night,Ako,Red,4,permanent,悪霊退散！,res024043,https://bestdori.com/assets/jp/characters/resourceset/res024043_rip/card_after_training.png,after_training,已存在
139_Lisa_Red.png,1104,139,テリブル・ホラー・ナイト,Terrible·Horror·Night,Lisa,Red,4,permanent,広がる恐怖の輪,res023048,https://bestdori.com/assets/jp/characters/resourceset/res023048_rip/card_after_training.png,after_training,已存在
139_Rinko_Green.png,1106,139,テリブル・ホラー・ナイト,Terrible·Horror·Night,Rinko,Green,3,event,狼狽乙女,res025040,https://bestdori.com/assets/jp/characters/resourceset/res025040_rip/card_after_training.png,after_training,已存在
139_Sayo_Red.png,1108,139,テリブル・ホラー・ナイト,Terrible·Horror·Night,Sayo,Red,3,permanent,戦慄する奏者,res022042,https://bestdori.com/assets/jp/characters/resourceset/res022042_rip/card_after_training.png,after_training,已存在
139_Yukina_Orange.png,1107,139,テリブル・ホラー・ナイト,Terrible·Horror·Night,Yukina,Orange,2,event,不動の魂,res021044,https://bestdori.com/assets/jp/characters/resourceset/res021044_rip/card_after_training.png,normal,OK (229 KB)
145_Ako_Orange.png,1144,145,Backstage Pass 4,Backstage Pass 4,Ako,Orange,3,event,青薔薇のお手入れ,res024044,https://bestdori.com/assets/jp/characters/resourceset/res024044_rip/card_after_training.png,after_training,已存在
145_Sayo_Green.png,1149,145,Backstage Pass 4,Backstage Pass 4,Sayo,Green,4,dreamfes,雨降りの窓辺,res022043,https://bestdori.com/assets/jp/characters/resourceset/res022043_rip/card_after_training.png,after_training,已存在
145_Sayo_Orange.png,1152,145,Backstage Pass 4,Backstage Pass 4,Sayo,Orange,4,birthday,Special birthday！,res022044,https://bestdori.com/assets/jp/characters/resourceset/res022044_rip/card_after_training.png,after_training,已存在
145_Yukina_Blue.png,1138,145,Backstage Pass 4,Backstage Pass 4,Yukina,Blue,2,permanent,マイ・アルカディア,res021045,https://bestdori.com/assets/jp/characters/resourceset/res021045_rip/card_after_training.png,normal,OK (215 KB)
149_Ako_Green.png,1176,149,とまどい、迷い、抱きしめたまま,带着心中的迷茫与犹豫,Ako,Green,3,event,大切だもん！,res024045,https://bestdori.com/assets/jp/characters/resourceset/res024045_rip/card_after_training.png,after_training,已存在
149_Lisa_Blue.png,1175,149,とまどい、迷い、抱きしめたまま,带着心中的迷茫与犹豫,Lisa,Blue,4,permanent,これぞ運命！,res023049,https://bestdori.com/assets/jp/characters/resourceset/res023049_rip/card_after_training.png,after_training,已存在
149_Rinko_Blue.png,1174,149,とまどい、迷い、抱きしめたまま,带着心中的迷茫与犹豫,Rinko,Blue,4,permanent,どちらでもない答え,res025041,https://bestdori.com/assets/jp/characters/resourceset/res025041_rip/card_after_training.png,after_training,已存在
149_Sayo_Green.png,1177,149,とまどい、迷い、抱きしめたまま,带着心中的迷茫与犹豫,Sayo,Green,2,event,あなたならきっと,res022045,https://bestdori.com/assets/jp/characters/resourceset/res022045_rip/card_after_training.png,normal,OK (220 KB)
149_Yukina_Blue.png,1178,149,とまどい、迷い、抱きしめたまま,带着心中的迷茫与犹豫,Yukina,Blue,3,permanent,心を束ねて,res021046,https://bestdori.com/assets/jp/characters/resourceset/res021046_rip/card_after_training.png,after_training,已存在
150_Ako_Red.png,1181,150,リトルローズ・ハーモニー,Little Rose Harmony,Ako,Red,4,permanent,我が導きに従うがよい,res024046,https://bestdori.com/assets/jp/characters/resourceset/res024046_rip/card_after_training.png,after_training,已存在
155_Ako_Blue.png,1216,155,風と海のラグタイム,风与海的拉格泰姆,Ako,Blue,4,birthday,Special birthday！,res024047,https://bestdori.com/assets/jp/characters/resourceset/res024047_rip/card_after_training.png,after_training,已存在
155_Sayo_Orange.png,1213,155,風と海のラグタイム,风与海的拉格泰姆,Sayo,Orange,3,event,瞬間ノスタルジア,res022046,https://bestdori.com/assets/jp/characters/resourceset/res022046_rip/card_after_training.png,after_training,已存在
156_Ako_Red.png,1220,156,Sprechchor,Sprechchor,Ako,Red,3,event,おっきなステージ,res024048,https://bestdori.com/assets/jp/characters/resourceset/res024048_rip/card_after_training.png,after_training,已存在
156_Lisa_Blue.png,1219,156,Sprechchor,Sprechchor,Lisa,Blue,3,event,信じていいの？,res023050,https://bestdori.com/assets/jp/characters/resourceset/res023050_rip/card_after_training.png,after_training,已存在
156_Rinko_Orange.png,1221,156,Sprechchor,Sprechchor,Rinko,Orange,3,permanent,新しい世界に,res025042,https://bestdori.com/assets/jp/characters/resourceset/res025042_rip/card_after_training.png,after_training,已存在
156_Sayo_Orange.png,1218,156,Sprechchor,Sprechchor,Sayo,Orange,4,permanent,理想の場所へ,res022047,https://bestdori.com/assets/jp/characters/resourceset/res022047_rip/card_after_training.png,after_training,已存在
156_Yukina_Orange.png,1217,156,Sprechchor,Sprechchor,Yukina,Orange,4,permanent,青薔薇の道,res021047,https://bestdori.com/assets/jp/characters/resourceset/res021047_rip/card_after_training.png,after_training,已存在
160_Lisa_Blue.png,1284,160,見上げた星とサマー・サウンド,天边的星辰与夏日的回响,Lisa,Blue,4,birthday,Special birthday！,res023052,https://bestdori.com/assets/jp/characters/resourceset/res023052_rip/card_after_training.png,after_training,已存在
162_Ako_Red.png,1295,162,幕開けに輝くエスポワール,于开幕之际闪耀的希望之星,Ako,Red,2,permanent,ハピネスローズ,res024050,https://bestdori.com/assets/jp/characters/resourceset/res024050_rip/card_after_training.png,normal,OK (189 KB)
163_Lisa_Orange.png,1297,163,未来はきっと薔薇色で！,未来必将是蔷薇色的！,Lisa,Orange,4,permanent,期待の瞳に見つめられ,res023053,https://bestdori.com/assets/jp/characters/resourceset/res023053_rip/card_after_training.png,after_training,已存在
165_Rinko_Green.png,1315,165,fly with the night,fly with the night,Rinko,Green,4,birthday,Special birthday！,res025044,https://bestdori.com/assets/jp/characters/resourceset/res025044_rip/card_after_training.png,after_training,已存在
166_Lisa_Green.png,1318,166,１００回生まれ変わっても,即使转世重生100次,Lisa,Green,3,event,ゆれる気持ちにふれて,res023054,https://bestdori.com/assets/jp/characters/resourceset/res023054_rip/card_after_training.png,after_training,已存在
166_Yukina_Red.png,1322,166,１００回生まれ変わっても,即使转世重生100次,Yukina,Red,4,birthday,Special birthday！,res021049,https://bestdori.com/assets/jp/characters/resourceset/res021049_rip/card_after_training.png,after_training,已存在
170_Ako_Orange.png,1359,170,聖夜に集うSnow Rose,相聚于圣夜的Snow Rose,Ako,Orange,4,limited,待ち望んだ特別な日,res024051,https://bestdori.com/assets/jp/characters/resourceset/res024051_rip/card_after_training.png,after_training,已存在
170_Lisa_Orange.png,1362,170,聖夜に集うSnow Rose,相聚于圣夜的Snow Rose,Lisa,Orange,3,limited,優しい意地悪,res023055,https://bestdori.com/assets/jp/characters/resourceset/res023055_rip/card_after_training.png,after_training,已存在
170_Rinko_Green.png,1361,170,聖夜に集うSnow Rose,相聚于圣夜的Snow Rose,Rinko,Green,2,event,パーティへご招待,res025045,https://bestdori.com/assets/jp/characters/resourceset/res025045_rip/card_after_training.png,normal,OK (204 KB)
170_Sayo_Blue.png,1360,170,聖夜に集うSnow Rose,相聚于圣夜的Snow Rose,Sayo,Blue,3,event,予習はバッチリ,res022049,https://bestdori.com/assets/jp/characters/resourceset/res022049_rip/card_after_training.png,after_training,已存在
170_Yukina_Orange.png,1358,170,聖夜に集うSnow Rose,相聚于圣夜的Snow Rose,Yukina,Orange,4,limited,聖なる夜の贈り物,res021050,https://bestdori.com/assets/jp/characters/resourceset/res021050_rip/card_after_training.png,after_training,已存在
171_Ako_Red.png,1370,171,「そんな人じゃないんです！」,「我不是传闻中的那种人！」,Ako,Red,2,event,無邪気なトリガー,res024052,https://bestdori.com/assets/jp/characters/resourceset/res024052_rip/card_after_training.png,normal,OK (173 KB)
171_Rinko_Green.png,1367,171,「そんな人じゃないんです！」,「我不是传闻中的那种人！」,Rinko,Green,4,permanent,たたかう生徒会長,res025046,https://bestdori.com/assets/jp/characters/resourceset/res025046_rip/card_after_training.png,after_training,已存在
173_Lisa_Red.png,1384,173,爛漫！　元旦！　のど自慢！,烂漫！元旦！歌喉战！,Lisa,Red,4,dreamfes,これからも、共に,res023056,https://bestdori.com/assets/jp/characters/resourceset/res023056_rip/card_after_training.png,after_training,已存在
174_Sayo_Green.png,1391,174,教えて♪ひなちゃん先生,教教我♪小日菜老师,Sayo,Green,3,permanent,あなたは誰のために？,res022050,https://bestdori.com/assets/jp/characters/resourceset/res022050_rip/card_after_training.png,after_training,已存在
177_Sayo_Green.png,1398,177,春待ちのチョコロールケーキ,等待春日的巧克力瑞士卷,Sayo,Green,4,limited,早春を歩む,res022051,https://bestdori.com/assets/jp/characters/resourceset/res022051_rip/card_after_training.png,after_training,已存在
178_Sayo_Red.png,1417,178,"That Day, That Song","That Day, That Song",Sayo,Red,2,campaign,冥府へのレクイエム,res022052,https://bestdori.com/assets/jp/characters/resourceset/res022052_rip/card_after_training.png,normal,OK (234 KB)
180_Ako_Green.png,1450,180,Backstage Pass 5,Backstage Pass 5,Ako,Green,2,permanent,オーヴィタル・エデン,res024053,https://bestdori.com/assets/jp/characters/resourceset/res024053_rip/card_after_training.png,normal,OK (222 KB)
180_Lisa_Blue.png,1449,180,Backstage Pass 5,Backstage Pass 5,Lisa,Blue,2,permanent,オーヴィタル・エデン,res023057,https://bestdori.com/assets/jp/characters/resourceset/res023057_rip/card_after_training.png,normal,OK (219 KB)
180_Rinko_Green.png,1463,180,Backstage Pass 5,Backstage Pass 5,Rinko,Green,4,limited,想い、ひと塗り,res025048,https://bestdori.com/assets/jp/characters/resourceset/res025048_rip/card_after_training.png,after_training,已存在
180_Rinko_Orange.png,1451,180,Backstage Pass 5,Backstage Pass 5,Rinko,Orange,2,permanent,オーヴィタル・エデン,res025047,https://bestdori.com/assets/jp/characters/resourceset/res025047_rip/card_after_training.png,normal,OK (266 KB)
180_Sayo_Red.png,1448,180,Backstage Pass 5,Backstage Pass 5,Sayo,Red,2,permanent,オーヴィタル・エデン,res022053,https://bestdori.com/assets/jp/characters/resourceset/res022053_rip/card_after_training.png,normal,OK (237 KB)
180_Yukina_Green.png,1447,180,Backstage Pass 5,Backstage Pass 5,Yukina,Green,2,permanent,オーヴィタル・エデン,res021051,https://bestdori.com/assets/jp/characters/resourceset/res021051_rip/card_after_training.png,normal,OK (241 KB)
181_Sayo_Green.png,1477,181,Backstage Pass 5,Backstage Pass 5,Sayo,Green,4,birthday,Precious birthday！,res022054,https://bestdori.com/assets/jp/characters/resourceset/res022054_rip/card_after_training.png,after_training,已存在
181_Yukina_Orange.png,1476,181,Backstage Pass 5,Backstage Pass 5,Yukina,Orange,5,kirafes,変わらないぬくもり,res021052,https://bestdori.com/assets/jp/characters/resourceset/res021052_rip/card_after_training.png,after_training,已存在
184_Ako_Blue.png,1494,184,Road to Avalon,Road to Avalon,Ako,Blue,4,permanent,新世界への飛翔,res024054,https://bestdori.com/assets/jp/characters/resourceset/res024054_rip/card_after_training.png,after_training,已存在
184_Lisa_Blue.png,1495,184,Road to Avalon,Road to Avalon,Lisa,Blue,4,permanent,燦然たる序奏,res023058,https://bestdori.com/assets/jp/characters/resourceset/res023058_rip/card_after_training.png,after_training,已存在
184_Rinko_Orange.png,1496,184,Road to Avalon,Road to Avalon,Rinko,Orange,3,event,未体験の歓び,res025049,https://bestdori.com/assets/jp/characters/resourceset/res025049_rip/card_after_training.png,after_training,已存在
184_Sayo_Green.png,1497,184,Road to Avalon,Road to Avalon,Sayo,Green,2,event,シャングリラへの一途,res022055,https://bestdori.com/assets/jp/characters/resourceset/res022055_rip/card_after_training.png,normal,OK (245 KB)
184_Yukina_Blue.png,1498,184,Road to Avalon,Road to Avalon,Yukina,Blue,3,permanent,響く、創世の歌声,res021053,https://bestdori.com/assets/jp/characters/resourceset/res021053_rip/card_after_training.png,after_training,已存在
185_Rinko_Orange.png,1502,185,School excursion！！〜花咲川女子学園編〜,School excursion！！〜花咲川女子学园篇〜,Rinko,Orange,2,event,旅情満喫,res025050,https://bestdori.com/assets/jp/characters/resourceset/res025050_rip/card_after_training.png,normal,OK (196 KB)
185_Sayo_Red.png,1499,185,School excursion！！〜花咲川女子学園編〜,School excursion！！〜花咲川女子学园篇〜,Sayo,Red,4,permanent,古都を訪ねて,res022056,https://bestdori.com/assets/jp/characters/resourceset/res022056_rip/card_after_training.png,after_training,已存在
190_Rinko_Green.png,1531,190,そして、始まるわたし／私の音,起始于此 我/自己的音色,Rinko,Green,4,permanent,あの音を抱きしめて,res025051,https://bestdori.com/assets/jp/characters/resourceset/res025051_rip/card_after_training.png,after_training,已存在
191_Ako_Blue.png,1537,191,夕凪、PM5:45,无风、PM5:45,Ako,Blue,2,event,夏にDIVE！,res024055,https://bestdori.com/assets/jp/characters/resourceset/res024055_rip/card_after_training.png,normal,OK (205 KB)
191_Ako_Red.png,1541,191,夕凪、PM5:45,无风、PM5:45,Ako,Red,4,birthday,Precious birthday！,res024056,https://bestdori.com/assets/jp/characters/resourceset/res024056_rip/card_after_training.png,after_training,已存在
191_Lisa_Red.png,1538,191,夕凪、PM5:45,无风、PM5:45,Lisa,Red,3,limited,潮風に描いた想い,res023059,https://bestdori.com/assets/jp/characters/resourceset/res023059_rip/card_after_training.png,after_training,已存在
191_Yukina_Red.png,1535,191,夕凪、PM5:45,无风、PM5:45,Yukina,Red,4,limited,水面に煌めく笑みの花,res021054,https://bestdori.com/assets/jp/characters/resourceset/res021054_rip/card_after_training.png,after_training,已存在
193_Ako_Orange.png,1583,193,永い夜、永遠を抱いて,长夜难明、怀抱永恒,Ako,Orange,4,permanent,追いつけ、追い越せ,res024058,https://bestdori.com/assets/jp/characters/resourceset/res024058_rip/card_after_training.png,after_training,已存在
193_Rinko_Blue.png,1584,193,永い夜、永遠を抱いて,长夜难明、怀抱永恒,Rinko,Blue,3,event,心和らぐ帰り道,res025053,https://bestdori.com/assets/jp/characters/resourceset/res025053_rip/card_after_training.png,after_training,已存在
193_Sayo_Orange.png,1582,193,永い夜、永遠を抱いて,长夜难明、怀抱永恒,Sayo,Orange,4,permanent,茨道を往く覚悟,res022058,https://bestdori.com/assets/jp/characters/resourceset/res022058_rip/card_after_training.png,after_training,已存在
196_Lisa_Orange.png,1600,196,ゼロに還る夏,回归于零之夏,Lisa,Orange,4,birthday,Precious birthday！,res023062,https://bestdori.com/assets/jp/characters/resourceset/res023062_rip/card_after_training.png,after_training,已存在
198_Rinko_Blue.png,1608,198,ハロハピといっしょ！,Hello Happy和你一起！,Rinko,Blue,4,dreamfes,古書店めぐり,res025054,https://bestdori.com/assets/jp/characters/resourceset/res025054_rip/card_after_training.png,after_training,已存在
201_Rinko_Red.png,1625,201,Campus Beat!!,Campus Beat!!,Rinko,Red,4,birthday,Precious birthday！,res025055,https://bestdori.com/assets/jp/characters/resourceset/res025055_rip/card_after_training.png,after_training,已存在
202_Lisa_Blue.png,1626,202,School excursion！！〜羽丘女子学園編〜,School excursion！！〜羽丘女子学园篇〜,Lisa,Blue,4,permanent,Say cheese！,res023063,https://bestdori.com/assets/jp/characters/resourceset/res023063_rip/card_after_training.png,after_training,已存在
202_Yukina_Green.png,1629,202,School excursion！！〜羽丘女子学園編〜,School excursion！！〜羽丘女子学园篇〜,Yukina,Green,2,event,新たなときめき,res021057,https://bestdori.com/assets/jp/characters/resourceset/res021057_rip/card_after_training.png,normal,OK (191 KB)
202_Yukina_Green_2.png,1632,202,School excursion！！〜羽丘女子学園編〜,School excursion！！〜羽丘女子学园篇〜,Yukina,Green,4,birthday,Precious birthday！,res021058,https://bestdori.com/assets/jp/characters/resourceset/res021058_rip/card_after_training.png,after_training,已存在
204_Rinko_Red.png,1640,204,ブライア・ロード〜今日に捧ぐ夜想曲〜,荆棘丛生之路〜献给今日的夜想曲〜,Rinko,Red,4,permanent,再演叶わずとも,res025056,https://bestdori.com/assets/jp/characters/resourceset/res025056_rip/card_after_training.png,after_training,已存在
204_Sayo_Red.png,1641,204,ブライア・ロード〜今日に捧ぐ夜想曲〜,荆棘丛生之路〜献给今日的夜想曲〜,Sayo,Red,4,permanent,冴ゆる月のみぞ知る,res022059,https://bestdori.com/assets/jp/characters/resourceset/res022059_rip/card_after_training.png,after_training,已存在
204_Yukina_Blue.png,1642,204,ブライア・ロード〜今日に捧ぐ夜想曲〜,荆棘丛生之路〜献给今日的夜想曲〜,Yukina,Blue,3,event,突き刺さる『今日』,res021059,https://bestdori.com/assets/jp/characters/resourceset/res021059_rip/card_after_training.png,after_training,已存在
209_Ako_Orange.png,1667,209,迎春万歳！　めでたいニューイヤー！,迎春万岁！欢天喜地过新年！,Ako,Orange,2,event,初日の出を全身に,res024060,https://bestdori.com/assets/jp/characters/resourceset/res024060_rip/card_after_training.png,normal,OK (310 KB)
209_Yukina_Blue.png,1669,209,迎春万歳！　めでたいニューイヤー！,迎春万岁！欢天喜地过新年！,Yukina,Blue,4,dreamfes,白雪に身をまかせ,res021060,https://bestdori.com/assets/jp/characters/resourceset/res021060_rip/card_after_training.png,after_training,已存在
213_Rinko_Green.png,1687,213,マイ・ファーストステップ,迈出·属于我的第一步,Rinko,Green,3,event,エールを受け取って,res025057,https://bestdori.com/assets/jp/characters/resourceset/res025057_rip/card_after_training.png,after_training,已存在
214_Ako_Red.png,1690,214,ブライア・ロード〜未だ見ぬ終曲〜,荆棘丛生之路 〜仍未谱写的终曲〜,Ako,Red,4,permanent,HPが0になるまで！,res024061,https://bestdori.com/assets/jp/characters/resourceset/res024061_rip/card_after_training.png,after_training,已存在
214_Lisa_Orange.png,1691,214,ブライア・ロード〜未だ見ぬ終曲〜,荆棘丛生之路 〜仍未谱写的终曲〜,Lisa,Orange,3,event,この曲が終わったら,res023065,https://bestdori.com/assets/jp/characters/resourceset/res023065_rip/card_after_training.png,after_training,已存在
214_Yukina_Red.png,1689,214,ブライア・ロード〜未だ見ぬ終曲〜,荆棘丛生之路 〜仍未谱写的终曲〜,Yukina,Red,4,permanent,花の名前,res021061,https://bestdori.com/assets/jp/characters/resourceset/res021061_rip/card_after_training.png,after_training,已存在
215_Lisa_Red.png,1697,215,卒業～３月の空は青く澄んで～,毕业 〜3月的天空蔚蓝澄澈〜,Lisa,Red,4,event,卒業,res023066,https://bestdori.com/assets/jp/characters/resourceset/res023066_rip/card_after_training.png,after_training,已存在
215_Sayo_Orange.png,1693,215,卒業～３月の空は青く澄んで～,毕业 〜3月的天空蔚蓝澄澈〜,Sayo,Orange,4,limited,卒業,res022061,https://bestdori.com/assets/jp/characters/resourceset/res022061_rip/card_after_training.png,after_training,已存在
216_Rinko_Green.png,1698,216,卒業〜未来へ〜,毕业 〜奔向未来〜,Rinko,Green,4,limited,卒業,res025059,https://bestdori.com/assets/jp/characters/resourceset/res025059_rip/card_after_training.png,after_training,已存在
216_Yukina_Blue.png,1701,216,卒業〜未来へ〜,毕业 〜奔向未来〜,Yukina,Blue,4,event,卒業,res021062,https://bestdori.com/assets/jp/characters/resourceset/res021062_rip/card_after_training.png,after_training,已存在
217_Lisa_Blue.png,1710,217,Let's start new party!,Let's start new party!,Lisa,Blue,5,dreamfes,もう制服を着ない朝,res023069,https://bestdori.com/assets/jp/characters/resourceset/res023069_rip/card_after_training.png,after_training,已存在
217_Yukina_Orange.png,1707,217,Let's start new party!,Let's start new party!,Yukina,Orange,3,event,勧誘の波をぬって,res021065,https://bestdori.com/assets/jp/characters/resourceset/res021065_rip/card_after_training.png,after_training,已存在
218_Ako_Orange.png,1718,218,Beginning of spring！,Beginning of spring！,Ako,Orange,5,kirafes,魔法のように咲き誇れ！,res024064,https://bestdori.com/assets/jp/characters/resourceset/res024064_rip/card_after_training.png,after_training,已存在
221_Ako_Green.png,1733,221,朽ちぬ薔薇、その色は,不朽的蔷薇未闻其色,Ako,Green,2,event,いざ、トリッシュ,res024067,https://bestdori.com/assets/jp/characters/resourceset/res024067_rip/card_after_training.png,normal,OK (219 KB)
221_Lisa_Green.png,1732,221,朽ちぬ薔薇、その色は,不朽的蔷薇未闻其色,Lisa,Green,4,event,徹底リサーチ？,res023072,https://bestdori.com/assets/jp/characters/resourceset/res023072_rip/card_after_training.png,after_training,已存在
221_Rinko_Blue.png,1731,221,朽ちぬ薔薇、その色は,不朽的蔷薇未闻其色,Rinko,Blue,5,permanent,その身にまとうのは,res025064,https://bestdori.com/assets/jp/characters/resourceset/res025064_rip/card_after_training.png,after_training,已存在
221_Sayo_Blue.png,1734,221,朽ちぬ薔薇、その色は,不朽的蔷薇未闻其色,Sayo,Blue,4,permanent,一音一音、積み上げて,res022066,https://bestdori.com/assets/jp/characters/resourceset/res022066_rip/card_after_training.png,after_training,已存在
221_Yukina_Blue.png,1730,221,朽ちぬ薔薇、その色は,不朽的蔷薇未闻其色,Yukina,Blue,5,permanent,選ぶべきは,res021069,https://bestdori.com/assets/jp/characters/resourceset/res021069_rip/card_after_training.png,after_training,已存在
224_Rinko_Orange.png,1750,224,ギャラクシー・ウェディング！,星河璀璨 结婚典礼！,Rinko,Orange,2,event,流星の花嫁,res025065,https://bestdori.com/assets/jp/characters/resourceset/res025065_rip/card_after_training.png,normal,OK (199 KB)
226_Sayo_Blue.png,1762,226,爽風、羽ばたく僕らは,迎风展翅的我们,Sayo,Blue,2,event,未来アクティベート,res022067,https://bestdori.com/assets/jp/characters/resourceset/res022067_rip/card_after_training.png,normal,OK (178 KB)
227_Sayo_Green.png,1765,227,"CHAINSAW AMPL""IF""IER","CHAINSAW AMPL""IF""IER",Sayo,Green,5,limited,悪魔狩りの統括・サヨ,res022068,https://bestdori.com/assets/jp/characters/resourceset/res022068_rip/card_after_training.png,after_training,已存在
230_Ako_Orange.png,1783,230,No Music? Yes Summer!,No Music? Yes Summer!,Ako,Orange,4,limited,入道雲の向こうへ,res024068,https://bestdori.com/assets/jp/characters/resourceset/res024068_rip/card_after_training.png,after_training,已存在
230_Lisa_Orange.png,1779,230,No Music? Yes Summer!,No Music? Yes Summer!,Lisa,Orange,5,limited,サマースプラッシュ！,res023073,https://bestdori.com/assets/jp/characters/resourceset/res023073_rip/card_after_training.png,after_training,已存在
230_Rinko_Orange.png,1780,230,No Music? Yes Summer!,No Music? Yes Summer!,Rinko,Orange,5,limited,潮風と太陽,res025066,https://bestdori.com/assets/jp/characters/resourceset/res025066_rip/card_after_training.png,after_training,已存在
230_Sayo_Green.png,1781,230,No Music? Yes Summer!,No Music? Yes Summer!,Sayo,Green,3,event,青天のハイウェイ,res022069,https://bestdori.com/assets/jp/characters/resourceset/res022069_rip/card_after_training.png,after_training,已存在
230_Yukina_Red.png,1782,230,No Music? Yes Summer!,No Music? Yes Summer!,Yukina,Red,2,event,真夏の扉,res021070,https://bestdori.com/assets/jp/characters/resourceset/res021070_rip/card_after_training.png,normal,OK (190 KB)
234_Sayo_Red.png,1806,234,閃火に揺らめくアウフタクト,在火光中摇曳的前奏曲,Sayo,Red,5,dreamfes,雨雫と陽,res022070,https://bestdori.com/assets/jp/characters/resourceset/res022070_rip/card_after_training.png,after_training,已存在
236_Ako_Red.png,1828,236,おててつないで　君とおどるハロウィンの夜,让我们手牵手 与你共舞的万圣节之夜,Ako,Red,5,limited,いちに、さんし！,res024069,https://bestdori.com/assets/jp/characters/resourceset/res024069_rip/card_after_training.png,after_training,已存在
243_Ako_Green.png,1872,243,リトルライト・イン・ザ・ダークネス,Little Light in the Darkness,Ako,Green,5,permanent,守るべきもの,res024070,https://bestdori.com/assets/jp/characters/resourceset/res024070_rip/card_after_training.png,after_training,已存在
243_Lisa_Orange.png,1874,243,リトルライト・イン・ザ・ダークネス,Little Light in the Darkness,Lisa,Orange,3,event,見出せぬ答え,res023074,https://bestdori.com/assets/jp/characters/resourceset/res023074_rip/card_after_training.png,after_training,已存在
243_Rinko_Blue.png,1875,243,リトルライト・イン・ザ・ダークネス,Little Light in the Darkness,Rinko,Blue,2,event,ミッドナイトドレス,res025067,https://bestdori.com/assets/jp/characters/resourceset/res025067_rip/card_after_training.png,normal,OK (194 KB)
243_Sayo_Green.png,1873,243,リトルライト・イン・ザ・ダークネス,Little Light in the Darkness,Sayo,Green,5,permanent,揺れる天秤,res022071,https://bestdori.com/assets/jp/characters/resourceset/res022071_rip/card_after_training.png,after_training,已存在
243_Yukina_Green.png,1876,243,リトルライト・イン・ザ・ダークネス,Little Light in the Darkness,Yukina,Green,4,permanent,押し殺した想い,res021071,https://bestdori.com/assets/jp/characters/resourceset/res021071_rip/card_after_training.png,after_training,已存在
244_Yukina_Green.png,1882,244,歌声響け！ハッピーラッキーミュージカル！,放声高歌！HappyLucky 音乐剧！,Yukina,Green,5,limited,甘いひとときを共に,res021072,https://bestdori.com/assets/jp/characters/resourceset/res021072_rip/card_after_training.png,after_training,已存在
245_Lisa_Green.png,1884,245,新春到来！振袖珍道中！,新春到来！振袖奇旅！,Lisa,Green,5,limited,陽春煌めく晴れ姿,res023075,https://bestdori.com/assets/jp/characters/resourceset/res023075_rip/card_after_training.png,after_training,已存在
248_Rinko_Blue.png,1926,248,君と紡ぐ、バレンタイン前奏曲,与你共奏的情人节前奏曲,Rinko,Blue,3,event,ふたりで作る友チョコ,res025069,https://bestdori.com/assets/jp/characters/resourceset/res025069_rip/card_after_training.png,after_training,已存在
248_Yukina_Red.png,1929,248,君と紡ぐ、バレンタイン前奏曲,与你共奏的情人节前奏曲,Yukina,Red,5,dreamfes,キャンパスに猫,res021074,https://bestdori.com/assets/jp/characters/resourceset/res021074_rip/card_after_training.png,after_training,已存在
252_Ako_Blue.png,1949,252,ペイル・ローズ・ミラージュ,淡蔷薇色的海市蜃楼,Ako,Blue,2,event,見失わないように,res024072,https://bestdori.com/assets/jp/characters/resourceset/res024072_rip/card_after_training.png,normal,OK (194 KB)
252_Lisa_Red.png,1946,252,ペイル・ローズ・ミラージュ,淡蔷薇色的海市蜃楼,Lisa,Red,5,permanent,遠ざかる背中,res023077,https://bestdori.com/assets/jp/characters/resourceset/res023077_rip/card_after_training.png,after_training,已存在
252_Rinko_Red.png,1947,252,ペイル・ローズ・ミラージュ,淡蔷薇色的海市蜃楼,Rinko,Red,5,permanent,１cmでも前へ,res025070,https://bestdori.com/assets/jp/characters/resourceset/res025070_rip/card_after_training.png,after_training,已存在
252_Sayo_Blue.png,1948,252,ペイル・ローズ・ミラージュ,淡蔷薇色的海市蜃楼,Sayo,Blue,3,event,大舞台への誘い,res022073,https://bestdori.com/assets/jp/characters/resourceset/res022073_rip/card_after_training.png,after_training,已存在
252_Yukina_Red.png,1950,252,ペイル・ローズ・ミラージュ,淡蔷薇色的海市蜃楼,Yukina,Red,4,permanent,圧倒されるほどの,res021075,https://bestdori.com/assets/jp/characters/resourceset/res021075_rip/card_after_training.png,after_training,已存在
253_Sayo_Blue.png,1953,253,SAKURA CiRCRiNG PARTY!,SAKURA CiRCRiNG PARTY!,Sayo,Blue,5,limited,陽の光に包まれて,res022074,https://bestdori.com/assets/jp/characters/resourceset/res022074_rip/card_after_training.png,after_training,已存在
257_Ako_Blue.png,1981,257,Step Together,Step Together,Ako,Blue,5,dreamfes,By my side,res024073,https://bestdori.com/assets/jp/characters/resourceset/res024073_rip/card_after_training.png,after_training,已存在
262_Yukina_Blue.png,2009,262,Battle of R,Battle of R,Yukina,Blue,4,permanent,至高の一杯,res021076,https://bestdori.com/assets/jp/characters/resourceset/res021076_rip/card_after_training.png,after_training,已存在
264_Ako_Green.png,2019,264,白き想い、約束を咲かせて,纯洁的思念、绽放的约定,Ako,Green,3,event,おかえり、リサ姉,res024074,https://bestdori.com/assets/jp/characters/resourceset/res024074_rip/card_after_training.png,after_training,已存在
264_Lisa_Orange.png,2018,264,白き想い、約束を咲かせて,纯洁的思念、绽放的约定,Lisa,Orange,5,permanent,きみの隣で花を編む,res023078,https://bestdori.com/assets/jp/characters/resourceset/res023078_rip/card_after_training.png,after_training,已存在
264_Rinko_Orange.png,2021,264,白き想い、約束を咲かせて,纯洁的思念、绽放的约定,Rinko,Orange,4,permanent,話だけでも,res025071,https://bestdori.com/assets/jp/characters/resourceset/res025071_rip/card_after_training.png,after_training,已存在
264_Sayo_Blue.png,2020,264,白き想い、約束を咲かせて,纯洁的思念、绽放的约定,Sayo,Blue,2,event,純白のワイルドブーケ,res022075,https://bestdori.com/assets/jp/characters/resourceset/res022075_rip/card_after_training.png,normal,OK (225 KB)
264_Yukina_Orange.png,2017,264,白き想い、約束を咲かせて,纯洁的思念、绽放的约定,Yukina,Orange,5,permanent,隣で咲う陽だまりへ,res021077,https://bestdori.com/assets/jp/characters/resourceset/res021077_rip/card_after_training.png,after_training,已存在
266_Sayo_Orange.png,2027,266,サマーバケーションは突然に,盛夏假期 突然降临,Sayo,Orange,5,limited,戸惑いのバカンス,res022076,https://bestdori.com/assets/jp/characters/resourceset/res022076_rip/card_after_training.png,after_training,已存在
270_Rinko_Green.png,2056,270,Poppin' Starry Future!,Poppin' Starry Future!,Rinko,Green,5,dreamfes,星降る夜のピクニック,res025072,https://bestdori.com/assets/jp/characters/resourceset/res025072_rip/card_after_training.png,after_training,已存在
273_Ako_Green.png,2072,273,トラブル・トラベル・トーク,TROUBLE・TRAVEL・TALK,Ako,Green,5,permanent,決意の疾走,res024075,https://bestdori.com/assets/jp/characters/resourceset/res024075_rip/card_after_training.png,after_training,已存在
273_Lisa_Blue.png,2075,273,トラブル・トラベル・トーク,TROUBLE・TRAVEL・TALK,Lisa,Blue,2,event,秋色を編み込んで,res023079,https://bestdori.com/assets/jp/characters/resourceset/res023079_rip/card_after_training.png,normal,OK (227 KB)
273_Lisa_Red.png,2078,273,トラブル・トラベル・トーク,TROUBLE・TRAVEL・TALK,Lisa,Red,5,limited,バズらせのプロ,res023080,https://bestdori.com/assets/jp/characters/resourceset/res023080_rip/card_after_training.png,after_training,已存在
273_Rinko_Orange.png,2074,273,トラブル・トラベル・トーク,TROUBLE・TRAVEL・TALK,Rinko,Orange,3,event,紅に染まって,res025073,https://bestdori.com/assets/jp/characters/resourceset/res025073_rip/card_after_training.png,after_training,已存在
273_Sayo_Green.png,2076,273,トラブル・トラベル・トーク,TROUBLE・TRAVEL・TALK,Sayo,Green,4,permanent,尽きない気苦労,res022077,https://bestdori.com/assets/jp/characters/resourceset/res022077_rip/card_after_training.png,after_training,已存在
273_Yukina_Green.png,2073,273,トラブル・トラベル・トーク,TROUBLE・TRAVEL・TALK,Yukina,Green,5,permanent,迷い路の先で,res021078,https://bestdori.com/assets/jp/characters/resourceset/res021078_rip/card_after_training.png,after_training,已存在
281_Rinko_Red.png,2119,281,初春きたりて爽風吹けば,初春将至 清风吹拂,Rinko,Red,5,limited,ありのままの魅力,res025074,https://bestdori.com/assets/jp/characters/resourceset/res025074_rip/card_after_training.png,after_training,已存在
284_Ako_Orange.png,2150,284,溶けることなく寄り添って,不曾融化的情谊  相伴于身侧,Ako,Orange,4,limited,自慢の手作りチョコ！,res024076,https://bestdori.com/assets/jp/characters/resourceset/res024076_rip/card_after_training.png,after_training,已存在
284_Lisa_Orange.png,2147,284,溶けることなく寄り添って,不曾融化的情谊  相伴于身侧,Lisa,Orange,5,limited,水音にこぼれる笑み,res023081,https://bestdori.com/assets/jp/characters/resourceset/res023081_rip/card_after_training.png,after_training,已存在
284_Rinko_Blue.png,2149,284,溶けることなく寄り添って,不曾融化的情谊  相伴于身侧,Rinko,Blue,2,event,深紅に彩られて,res025075,https://bestdori.com/assets/jp/characters/resourceset/res025075_rip/card_after_training.png,normal,OK (228 KB)
284_Sayo_Orange.png,2146,284,溶けることなく寄り添って,不曾融化的情谊  相伴于身侧,Sayo,Orange,5,limited,私からあなたへ,res022078,https://bestdori.com/assets/jp/characters/resourceset/res022078_rip/card_after_training.png,after_training,已存在
284_Yukina_Red.png,2148,284,溶けることなく寄り添って,不曾融化的情谊  相伴于身侧,Yukina,Red,3,event,指先に集中して,res021079,https://bestdori.com/assets/jp/characters/resourceset/res021079_rip/card_after_training.png,after_training,已存在
289_Lisa_Green.png,2183,289,SPRING STARS ∞ SINGALONG!,SPRING STARS ∞ SINGALONG!,Lisa,Green,5,dreamfes,桜影に揺れる光,res023082,https://bestdori.com/assets/jp/characters/resourceset/res023082_rip/card_after_training.png,after_training,已存在
291_Ako_Red.png,2192,291,To the only pinnacle,To the only pinnacle,Ako,Red,5,permanent,高みの先の頂点へ,res024077,https://bestdori.com/assets/jp/characters/resourceset/res024077_rip/card_after_training.png,after_training,已存在
291_Lisa_Green.png,2194,291,To the only pinnacle,To the only pinnacle,Lisa,Green,3,event,心配しないで、とか,res023083,https://bestdori.com/assets/jp/characters/resourceset/res023083_rip/card_after_training.png,after_training,已存在
291_Rinko_Red.png,2193,291,To the only pinnacle,To the only pinnacle,Rinko,Red,5,permanent,わたしの世界一,res025076,https://bestdori.com/assets/jp/characters/resourceset/res025076_rip/card_after_training.png,after_training,已存在
291_Sayo_Red.png,2196,291,To the only pinnacle,To the only pinnacle,Sayo,Red,4,permanent,或る姉の言葉,res022079,https://bestdori.com/assets/jp/characters/resourceset/res022079_rip/card_after_training.png,after_training,已存在
291_Yukina_Blue.png,2195,291,To the only pinnacle,To the only pinnacle,Yukina,Blue,2,event,世界一のあなたたち,res021080,https://bestdori.com/assets/jp/characters/resourceset/res021080_rip/card_after_training.png,normal,OK (205 KB)
301_Ako_Green.png,2256,301,果てなき距離の、その果てへ,心向无限、行往彼方,Ako,Green,2,event,プラウド・ナイト,res024078,https://bestdori.com/assets/jp/characters/resourceset/res024078_rip/card_after_training.png,normal,OK (169 KB)
301_Lisa_Red.png,2255,301,果てなき距離の、その果てへ,心向无限、行往彼方,Lisa,Red,3,event,嬉しい評価,res023084,https://bestdori.com/assets/jp/characters/resourceset/res023084_rip/card_after_training.png,after_training,已存在
301_Rinko_Orange.png,2257,301,果てなき距離の、その果てへ,心向无限、行往彼方,Rinko,Orange,4,permanent,夕暮れの誓い,res025077,https://bestdori.com/assets/jp/characters/resourceset/res025077_rip/card_after_training.png,after_training,已存在
301_Sayo_Orange.png,2253,301,果てなき距離の、その果てへ,心向无限、行往彼方,Sayo,Orange,5,permanent,遠回りの果てに,res022080,https://bestdori.com/assets/jp/characters/resourceset/res022080_rip/card_after_training.png,after_training,已存在
301_Yukina_Orange.png,2254,301,果てなき距離の、その果てへ,心向无限、行往彼方,Yukina,Orange,5,permanent,揺るぎない信頼,res021081,https://bestdori.com/assets/jp/characters/resourceset/res021081_rip/card_after_training.png,after_training,已存在
302_Ako_Orange.png,2260,302,サマースマイル♡TV show!,Summer Smile♡TV show!,Ako,Orange,3,event,いざ、波に乗って,res024079,https://bestdori.com/assets/jp/characters/resourceset/res024079_rip/card_after_training.png,after_training,已存在
304_Rinko_Blue.png,2271,304,祭囃子、胸高鳴って,心潮澎湃祭典乐章,Rinko,Blue,5,limited,赤い宝石は煌めいて,res025078,https://bestdori.com/assets/jp/characters/resourceset/res025078_rip/card_after_training.png,after_training,已存在
306_Yukina_Blue.png,2286,306,パンと、ノートと、ギターと、きみ,面包、笔记、吉他与你,Yukina,Blue,5,dreamfes,月明かりの下で,res021082,https://bestdori.com/assets/jp/characters/resourceset/res021082_rip/card_after_training.png,after_training,已存在
311_Lisa_Green.png,2313,311,交差点、ふたつ星が笑って,交汇处，双子星相视而笑,Lisa,Green,4,permanent,花と星が煌めく場所,res023085,https://bestdori.com/assets/jp/characters/resourceset/res023085_rip/card_after_training.png,after_training,已存在
311_Sayo_Green.png,2309,311,交差点、ふたつ星が笑って,交汇处，双子星相视而笑,Sayo,Green,5,permanent,ふたつのピース,res022081,https://bestdori.com/assets/jp/characters/resourceset/res022081_rip/card_after_training.png,after_training,已存在
311_Yukina_Red.png,2312,311,交差点、ふたつ星が笑って,交汇处，双子星相视而笑,Yukina,Red,2,event,ふたつ星の軌跡,res021083,https://bestdori.com/assets/jp/characters/resourceset/res021083_rip/card_after_training.png,normal,OK (236 KB)
312_Ako_Green.png,2320,312,みんなに届け！KAWAII♡Happy Party!Part1♡,传递给大家吧！KAWAII♡Happy Party!Part1♡,Ako,Green,4,event,たすけてくれたのは,res024080,https://bestdori.com/assets/jp/characters/resourceset/res024080_rip/card_after_training.png,after_training,已存在
314_Ako_Orange.png,2330,314,燐光、熱を帯びて,燐光微芒、渐染炽热,Ako,Orange,4,permanent,誓いを力に,res024081,https://bestdori.com/assets/jp/characters/resourceset/res024081_rip/card_after_training.png,after_training,已存在
314_Lisa_Blue.png,2328,314,燐光、熱を帯びて,燐光微芒、渐染炽热,Lisa,Blue,3,event,そうそうたる顔ぶれ,res023086,https://bestdori.com/assets/jp/characters/resourceset/res023086_rip/card_after_training.png,after_training,已存在
314_Rinko_Orange.png,2326,314,燐光、熱を帯びて,燐光微芒、渐染炽热,Rinko,Orange,5,permanent,ただ、ひたすら前へ,res025079,https://bestdori.com/assets/jp/characters/resourceset/res025079_rip/card_after_training.png,after_training,已存在
314_Sayo_Red.png,2329,314,燐光、熱を帯びて,燐光微芒、渐染炽热,Sayo,Red,2,event,凍てつく結晶,res022082,https://bestdori.com/assets/jp/characters/resourceset/res022082_rip/card_after_training.png,normal,OK (240 KB)
314_Yukina_Orange.png,2327,314,燐光、熱を帯びて,燐光微芒、渐染炽热,Yukina,Orange,5,permanent,重なる熱を感じて,res021084,https://bestdori.com/assets/jp/characters/resourceset/res021084_rip/card_after_training.png,after_training,已存在
315_Lisa_Red.png,2343,315,笑顔あふれる聖夜の前に,在笑颜盛放的平安夜,Lisa,Red,5,limited,一緒に飾り付け！,res023087,https://bestdori.com/assets/jp/characters/resourceset/res023087_rip/card_after_training.png,after_training,已存在
317_Ako_Green.png,2355,317,迷い道の先、福来たる,迷途尽头，福泽自来,Ako,Green,3,event,１年を占う一瞬,res024082,https://bestdori.com/assets/jp/characters/resourceset/res024082_rip/card_after_training.png,after_training,已存在
320_Sayo_Orange.png,2386,320,Our Sweetest Valentine！,Our Sweetest Valentine！,Sayo,Orange,5,dreamfes,温かな風に乗せて,res022083,https://bestdori.com/assets/jp/characters/resourceset/res022083_rip/card_after_training.png,after_training,已存在
322_Ako_Red.png,2399,322,Re:Like Re:Live,Re:Like Re:Live,Ako,Red,5,permanent,Re:VENGER,res024083,https://bestdori.com/assets/jp/characters/resourceset/res024083_rip/card_after_training.png,after_training,已存在
322_Lisa_Red.png,2398,322,Re:Like Re:Live,Re:Like Re:Live,Lisa,Red,5,permanent,DEAR MY LIKE,res023088,https://bestdori.com/assets/jp/characters/resourceset/res023088_rip/card_after_training.png,after_training,已存在
322_Rinko_Orange.png,2401,322,Re:Like Re:Live,Re:Like Re:Live,Rinko,Orange,2,event,Blanc Resonance,res025081,https://bestdori.com/assets/jp/characters/resourceset/res025081_rip/card_after_training.png,normal,OK (270 KB)
322_Sayo_Orange.png,2400,322,Re:Like Re:Live,Re:Like Re:Live,Sayo,Orange,3,event,約束の場所への一歩,res022084,https://bestdori.com/assets/jp/characters/resourceset/res022084_rip/card_after_training.png,after_training,已存在
322_Yukina_Red.png,2402,322,Re:Like Re:Live,Re:Like Re:Live,Yukina,Red,4,permanent,はじまりの一弦,res021085,https://bestdori.com/assets/jp/characters/resourceset/res021085_rip/card_after_training.png,after_training,已存在
325_Ako_Red.png,2420,325,All☆Stars CiRCRiNG Fes!,All☆Stars CiRCRiNG Fes!,Ako,Red,4,limited,深淵なる旋律に……,res024084,https://bestdori.com/assets/jp/characters/resourceset/res024084_rip/card_after_training.png,after_training,已存在
326_Rinko_Red.png,2428,326,広がる世界へのリベラメンテ,,Rinko,Red,5,dreamfes,薄紅の差す窓際で,res025082,https://bestdori.com/assets/jp/characters/resourceset/res025082_rip/card_after_training.png,after_training,已存在
332_Ako_Green.png,2462,332,これからも迎える朝は,,Ako,Green,5,dreamfes,NEAR FUTURE,res024085,https://bestdori.com/assets/jp/characters/resourceset/res024085_rip/card_after_training.png,after_training,已存在
333_Ako_Orange.png,2466,333,ディープ・ローズ・ホライズン,,Ako,Orange,3,event,最高のセトリを！,res024086,https://bestdori.com/assets/jp/characters/resourceset/res024086_rip/card_after_training.png,after_training,已存在
333_Lisa_Green.png,2468,333,ディープ・ローズ・ホライズン,,Lisa,Green,4,permanent,約束の場所,res023089,https://bestdori.com/assets/jp/characters/resourceset/res023089_rip/card_after_training.png,after_training,已存在
333_Rinko_Red.png,2467,333,ディープ・ローズ・ホライズン,,Rinko,Red,2,event,ピュア・ノーブル,res025083,https://bestdori.com/assets/jp/characters/resourceset/res025083_rip/card_after_training.png,normal,OK (221 KB)
333_Sayo_Green.png,2465,333,ディープ・ローズ・ホライズン,,Sayo,Green,5,permanent,今の私たちの距離,res022085,https://bestdori.com/assets/jp/characters/resourceset/res022085_rip/card_after_training.png,after_training,已存在
333_Yukina_Green.png,2464,333,ディープ・ローズ・ホライズン,,Yukina,Green,5,permanent,今の私たちの音楽,res021086,https://bestdori.com/assets/jp/characters/resourceset/res021086_rip/card_after_training.png,after_training,已存在
335_Ako_Green.png,2477,335,エンジョイ！　私たちのベストサマー！,,Ako,Green,2,event,弾けるサンフラワー,res024087,https://bestdori.com/assets/jp/characters/resourceset/res024087_rip/card_after_training.png,normal,OK (183 KB)
338_Yukina_Orange.png,2492,338,Let's Drive and Sea!,,Yukina,Orange,5,limited,激闘！　真夏の決戦！,res021087,https://bestdori.com/assets/jp/characters/resourceset/res021087_rip/card_after_training.png,after_training,已存在
340_Ako_Red.png,2505,340,夏の終わりの忘れ物,,Ako,Red,3,event,魔弾の射手,res024088,https://bestdori.com/assets/jp/characters/resourceset/res024088_rip/card_after_training.png,after_training,已存在
340_Sayo_Blue.png,2503,340,夏の終わりの忘れ物,,Sayo,Blue,5,limited,華やぐ夜空の下で,res022086,https://bestdori.com/assets/jp/characters/resourceset/res022086_rip/card_after_training.png,after_training,已存在
342_Ako_Orange.png,2517,342,未来想送曲,,Ako,Orange,4,permanent,純白に滲む色彩,res024089,https://bestdori.com/assets/jp/characters/resourceset/res024089_rip/card_after_training.png,after_training,已存在
342_Lisa_Orange.png,2514,342,未来想送曲,,Lisa,Orange,5,permanent,彼女の選ぶ未来,res023090,https://bestdori.com/assets/jp/characters/resourceset/res023090_rip/card_after_training.png,after_training,已存在
342_Rinko_Orange.png,2513,342,未来想送曲,,Rinko,Orange,5,permanent,True brillante,res025084,https://bestdori.com/assets/jp/characters/resourceset/res025084_rip/card_after_training.png,after_training,已存在
342_Sayo_Red.png,2516,342,未来想送曲,,Sayo,Red,2,event,サロン・ド・ビブリオ,res022087,https://bestdori.com/assets/jp/characters/resourceset/res022087_rip/card_after_training.png,normal,OK (192 KB)
342_Yukina_Green.png,2515,342,未来想送曲,,Yukina,Green,3,event,猫へとまっしぐら！,res021088,https://bestdori.com/assets/jp/characters/resourceset/res021088_rip/card_after_training.png,after_training,已存在
344_Yukina_Green.png,2536,344,A Little Magical Me,,Yukina,Green,5,dreamfes,誰も知らない私,res021090,https://bestdori.com/assets/jp/characters/resourceset/res021090_rip/card_after_training.png,after_training,已存在
